{
	"class_name" : "PinholeCameraParameters",
	"extrinsic" : 
	[
		0.9999931668446207,
		0.0029903724602192258,
		0.0021734618965525638,
		0.0,
		-0.0029818275221253784,
		0.99998785479437624,
		-0.0039241519300273692,
		0.0,
		-0.0021851701752721845,
		0.0039176442271865808,
		0.99998993849689033,
		0.0,
		-1.4556090436902627,
		-0.82400951333189054,
		24.596442711007278,
		1.0
	],
	"intrinsic" : 
	{
		"height" : 1080,
		"intrinsic_matrix" : 
		[
			720.00000000000011,
			0.0,
			0.0,
			0.0,
			720.00000000000011,
			0.0,
			959.5,
			539.5,
			1.0
		],
		"width" : 1920
	},
	"version_major" : 1,
	"version_minor" : 0
}